Season,Split,Week,Blue,Red,WinnerT,Patch,BB1,BB2,BB3,BB4,BB5,RB1,RB2,RB3,RB4,RB5,BPPlayer1,BP1,BPPlayer2,BP2,BPPlayer3,BP3,BPPlayer4,BP4,BPPlayer5,BP5,RPPlayer1,RP1,RPPlayer2,RP2,RPPlayer3,RP3,RPPlayer4,RP4,RPPlayer5,RP5
2022,Spring,Week 1,⁠⁠TSM,⁠⁠EG,⁠⁠TSM,12.2,Leblanc,Vex,Caitlyn,TahmKench,Akali,TwistedFate,Corki,Karma,Yuumi,Orianna,Impact,Gwen,Inspired,JarvanIV,jojopyun,Ryze,Danny,Zeri,Vulcan,Leona,Huni,Jayce,Spica,Poppy,Keaiduo,Viktor,Tactical,Senna,Shenyi,Rell
2022,Spring,Week 1,⁠⁠FLY,⁠⁠CLG,⁠⁠CLG,12.2,LeeSin,JarvanIV,Corki,Karma,Bard,TwistedFate,Zeri,Lulu,Ryze,Gangplank,Jenkins,Graves,Contractz,Trundle,Palafox,Viktor,Luger,Caitlyn,Poome,Lux,Kumo,Janna,Josedeodo,XinZhao,toucouille,Zoe,Johnsun,Jhin,aphromoo,Leona
2022,Spring,Week 1,⁠⁠TL,⁠⁠100,⁠⁠100,12.2,Karma,Ryze,Zeri,Leblanc,Gwen,TwistedFate,Corki,Caitlyn,Zilean,Graves,Bwipo,Renekton,Santorin,JarvanIV,Bjergsen,Orianna,Hans,Jinx,Eyla,Thresh,Ssumday,Ornn,Closer,XinZhao,Abbedagge,Azir,FBI,Aphelios,huhi,Leona
2022,Spring,Week 1,⁠⁠GG,⁠⁠C9,⁠⁠C9,12.2,Karma,Corki,TwistedFate,LeeSin,XinZhao,Thresh,Caitlyn,Zeri,JarvanIV,Zed,Licorice,Renekton,Pridestalkr,Qiyana,Ablazeolive,Viktor,Lost,Jhin,Olleh,Yuumi,Summit,Gnar,Blaber,Gwen,Fudge,Ivern,Berserker,Aphelios,Winsome,Sona
2022,Spring,Week 1,⁠⁠IMT,⁠⁠DIG,⁠⁠IMT,12.2,Jayce,Gwen,Thresh,Orianna,Viktor,Zeri,Renekton,Corki,TwistedFate,Ryze,FakeGod,Gragas,River,JarvanIV,Blue,Leblanc,Neo,Caitlyn,Biofrost,Lux,Revenge,Akali,Xerxe,XinZhao,PowerOfEvil,Vex,WildTurtle,Ezreal,Destiny,Karma
2022,Spring,Week 1,⁠⁠CLG,⁠⁠100,⁠⁠CLG,12.2,Graves,Janna,Karma,Thresh,Akali,Zeri,Caitlyn,Renekton,Poppy,JarvanIV,Ssumday,Gwen,Closer,XinZhao,Abbedagge,TwistedFate,FBI,Jhin,huhi,Sett,Jenkins,Kennen,Contractz,Diana,Palafox,Yasuo,Luger,Jinx,Poome,Lulu
2022,Spring,Week 1,⁠⁠TSM,⁠⁠DIG,⁠⁠DIG,12.2,Karma,Caitlyn,Corki,Renekton,XinZhao,TwistedFate,Jayce,Leblanc,Akali,Tryndamere,Huni,Graves,Spica,Poppy,Keaiduo,Ryze,Tactical,Zeri,Shenyi,Yuumi,FakeGod,Gwen,River,JarvanIV,Blue,Viktor,Neo,Aphelios,Biofrost,Thresh
2022,Spring,Week 1,⁠⁠EG,⁠⁠C9,⁠⁠EG,12.2,TwistedFate,Senna,Karma,Ryze,Renekton,Corki,Zeri,Caitlyn,Lulu,Ivern,Summit,Camille,Blaber,Olaf,Fudge,Soraka,Berserker,Aphelios,Winsome,Thresh,Impact,Tryndamere,Inspired,XinZhao,jojopyun,Viktor,Danny,Jinx,Vulcan,Leona
2022,Spring,Week 1,⁠⁠GG,⁠⁠FLY,⁠⁠GG,12.2,Ryze,Thresh,Qiyana,Jhin,Varus,Zeri,TwistedFate,Caitlyn,Viktor,Jayce,Kumo,Karma,Josedeodo,LeeSin,toucouille,Vex,Johnsun,Jinx,aphromoo,Braum,Licorice,Gwen,Pridestalkr,Zed,Ablazeolive,Corki,Lost,Aphelios,Olleh,Rakan
2022,Spring,Week 1,⁠⁠IMT,⁠⁠TL,⁠⁠TL,12.2,JarvanIV,TwistedFate,Caitlyn,Gwen,Renekton,Corki,Zeri,Karma,Irelia,Jayce,Revenge,Graves,Xerxe,Qiyana,PowerOfEvil,Viktor,WildTurtle,Aphelios,Destiny,Nautilus,Bwipo,Tryndamere,Santorin,XinZhao,Bjergsen,Zilean,Hans,Jinx,Eyla,Thresh
2022,Spring,Week 2,⁠⁠EG,⁠⁠DIG,⁠⁠DIG,12.3,Diana,Aphelios,TahmKench,Ryze,Nautilus,Zeri,JarvanIV,Gwen,Syndra,Leblanc,FakeGod,Renekton,River,XinZhao,Blue,Ahri,Neo,Caitlyn,Biofrost,Lux,Impact,Karma,Inspired,Olaf,jojopyun,Corki,Danny,Jinx,Vulcan,Leona
2022,Spring,Week 2,⁠⁠IMT,⁠⁠100,⁠⁠100,12.3,Karma,Ahri,JarvanIV,Lulu,Thresh,Zeri,Caitlyn,Gwen,Nautilus,Leona,Ssumday,Renekton,Closer,Viego,Abbedagge,Ryze,FBI,Aphelios,huhi,Sett,Revenge,Graves,Xerxe,XinZhao,PowerOfEvil,Syndra,WildTurtle,Jinx,Destiny,TahmKench
2022,Spring,Week 2,⁠⁠TL,⁠⁠C9,⁠⁠TL,12.3,Karma,Aphelios,Gwen,Leona,Gnar,Caitlyn,Zeri,XinZhao,Zilean,Ahri,Bwipo,Gragas,Santorin,Viego,Bjergsen,Corki,Hans,Jinx,Eyla,Thresh,Summit,Aatrox,Blaber,Karthus,Fudge,Irelia,Berserker,Jhin,Winsome,Rakan
2022,Spring,Week 2,⁠⁠GG,⁠⁠CLG,⁠⁠GG,12.3,Karma,Diana,Caitlyn,Ryze,Ahri,Zeri,Gwen,JarvanIV,Corki,Vex,Licorice,Renekton,Pridestalkr,XinZhao,Ablazeolive,Viktor,Lost,Aphelios,Olleh,Leona,Jenkins,Ornn,Contractz,LeeSin,Palafox,Sylas,Luger,Jinx,Poome,Thresh
2022,Spring,Week 2,⁠⁠TSM,⁠⁠FLY,⁠⁠FLY,12.3,XinZhao,Syndra,Karma,Orianna,Corki,Zeri,Ryze,Gwen,Thresh,Rell,Huni,Renekton,Spica,LeeSin,Keaiduo,Viktor,Tactical,Aphelios,Shenyi,Rakan,Kumo,Ornn,Josedeodo,JarvanIV,toucouille,Zoe,Johnsun,Jinx,aphromoo,TahmKench
2022,Spring,Week 2,⁠⁠IMT,⁠⁠C9,⁠⁠C9,12.3,Irelia,Aphelios,Caitlyn,Tryndamere,Leblanc,Ahri,Zeri,Gwen,Syndra,Corki,Revenge,Jayce,Xerxe,Viego,PowerOfEvil,Viktor,WildTurtle,Jinx,Destiny,Leona,Summit,Malphite,Blaber,XinZhao,Fudge,Zilean,Berserker,Ezreal,Winsome,Karma
2022,Spring,Week 2,⁠⁠TSM,⁠⁠GG,⁠⁠GG,12.3,JarvanIV,Karma,Yuumi,Corki,Ryze,Zeri,Gwen,Caitlyn,Syndra,Ahri,Huni,Lulu,Spica,XinZhao,Keaiduo,Vex,Tactical,Jinx,Shenyi,Rell,Licorice,Graves,Pridestalkr,Zed,Ablazeolive,Viktor,Lost,Aphelios,Olleh,Leona
2022,Spring,Week 2,⁠⁠EG,⁠⁠100,⁠⁠100,12.3,Aphelios,Caitlyn,Karma,Azir,Ahri,Zeri,Gwen,Jinx,Ryze,Corki,Impact,Graves,Inspired,XinZhao,jojopyun,Akali,Danny,Ezreal,Vulcan,TahmKench,Ssumday,Tryndamere,Closer,JarvanIV,Abbedagge,Viktor,FBI,Senna,huhi,Sett
2022,Spring,Week 2,⁠⁠TL,⁠⁠FLY,⁠⁠FLY,12.3,Caitlyn,Thresh,TahmKench,XinZhao,LeeSin,Zeri,Gwen,Karma,Rakan,Nautilus,Kumo,Graves,Josedeodo,JarvanIV,toucouille,Orianna,Johnsun,Jinx,aphromoo,Braum,Bwipo,Jayce,Santorin,Trundle,Bjergsen,Corki,Hans,Aphelios,Eyla,Leona
2022,Spring,Week 2,⁠⁠DIG,⁠⁠CLG,⁠⁠CLG,12.3,JarvanIV,Thresh,Olaf,Nautilus,Leona,Gwen,Zeri,Ryze,TwistedFate,Ahri,Jenkins,Graves,Contractz,XinZhao,Palafox,Orianna,Luger,Jhin,Poome,Yuumi,FakeGod,Tryndamere,River,Poppy,Blue,Corki,Neo,Jinx,Biofrost,Karma
2022,Spring,Week 3,⁠⁠GG,⁠⁠100,⁠⁠100,12.3,Karma,JarvanIV,Caitlyn,Olaf,Poppy,Zeri,Gwen,TahmKench,Ryze,Viktor,Licorice,Gnar,Pridestalkr,XinZhao,Ablazeolive,Zilean,Lost,Aphelios,Olleh,Leona,Ssumday,Jayce,Closer,Trundle,Abbedagge,Corki,FBI,Jinx,huhi,Thresh
2022,Spring,Week 3,⁠⁠IMT,⁠⁠TSM,⁠⁠IMT,12.3,Corki,Caitlyn,TahmKench,JarvanIV,Graves,Zeri,Gwen,Karma,Olaf,XinZhao,Huni,Lulu,Spica,Udyr,Keaiduo,Orianna,Tactical,Jinx,Yursan,Nautilus,Revenge,Camille,Xerxe,Hecarim,PowerOfEvil,Ahri,WildTurtle,Aphelios,Destiny,Thresh
2022,Spring,Week 3,⁠⁠TL,⁠⁠EG,⁠⁠TL,12.3,Ryze,Tryndamere,Hecarim,TahmKench,Trundle,Zeri,Gwen,Thresh,Karma,Jayce,Bwipo,Graves,Santorin,Volibear,Bjergsen,Veigar,Hans,Jinx,CoreJJ,Nautilus,Impact,Gnar,Inspired,XinZhao,jojopyun,Corki,Danny,Jhin,Vulcan,Leona
2022,Spring,Week 3,⁠⁠FLY,⁠⁠DIG,⁠⁠DIG,12.3,Gwen,Karma,Jinx,XinZhao,Tryndamere,JarvanIV,Caitlyn,Hecarim,Viktor,Ryze,FakeGod,Graves,River,Udyr,Blue,Orianna,Neo,Zeri,Biofrost,Yuumi,Kumo,Irelia,Josedeodo,LeeSin,toucouille,Corki,Johnsun,Senna,aphromoo,TahmKench
2022,Spring,Week 3,⁠⁠CLG,⁠⁠C9,⁠⁠CLG,12.3,Karthus,Udyr,Olaf,JarvanIV,Renekton,Zeri,Gwen,Yuumi,Caitlyn,Jhin,Jenkins,Camille,Contractz,Hecarim,Palafox,Ryze,Luger,Sivir,Poome,Karma,Summit,Gnar,Blaber,XinZhao,Fudge,Corki,Berserker,Jinx,Winsome,Thresh
2022,Spring,Week 3,⁠⁠IMT,⁠⁠EG,⁠⁠EG,12.3,Veigar,Caitlyn,Hecarim,Camille,XinZhao,Zeri,Gwen,Karma,Olaf,Udyr,Impact,Gragas,Inspired,JarvanIV,jojopyun,Corki,Danny,Aphelios,Vulcan,Thresh,Revenge,Graves,Xerxe,Volibear,PowerOfEvil,Orianna,WildTurtle,Jinx,Destiny,Nautilus
2022,Spring,Week 3,⁠⁠FLY,⁠⁠100,⁠⁠100,12.3,TahmKench,Karma,Gwen,JarvanIV,Irelia,Caitlyn,Zeri,Ryze,Jayce,Olaf,Ssumday,Gnar,Closer,Trundle,Abbedagge,Corki,FBI,Aphelios,huhi,Leona,Kumo,Tryndamere,Josedeodo,Hecarim,toucouille,Veigar,Johnsun,Jinx,aphromoo,Thresh
2022,Spring,Week 3,⁠⁠TSM,⁠⁠C9,⁠⁠C9,12.3,Corki,Caitlyn,JarvanIV,TahmKench,Chogath,Gwen,Zeri,Lulu,Nautilus,Olaf,Huni,Karma,Spica,XinZhao,Keaiduo,Ryze,Tactical,Jinx,Yursan,Alistar,Summit,Camille,Blaber,Nocturne,Fudge,Orianna,Berserker,Karthus,Winsome,Senna
2022,Spring,Week 3,⁠⁠GG,⁠⁠DIG,⁠⁠GG,12.3,Karma,Caitlyn,JarvanIV,Lulu,Jayce,TahmKench,Gwen,Zeri,Orianna,Zilean,Licorice,Gnar,Pridestalkr,Hecarim,Ablazeolive,Veigar,Lost,Jinx,Olleh,Thresh,FakeGod,Tryndamere,River,XinZhao,Blue,Corki,Neo,Aphelios,Biofrost,Leona
2022,Spring,Week 3,⁠⁠TL,⁠⁠CLG,⁠⁠CLG,12.3,Corki,Zilean,Caitlyn,Veigar,Renekton,Gwen,Hecarim,Zeri,Rakan,Kennen,Jenkins,Camille,Contractz,XinZhao,Palafox,Ahri,Luger,Jinx,Poome,Lulu,Bwipo,Jayce,Santorin,Trundle,Bjergsen,Viktor,Hans,Varus,CoreJJ,TahmKench
2022,Spring,Week 4,⁠⁠DIG,⁠⁠C9,⁠⁠DIG,12.4,Karma,JarvanIV,TahmKench,Ryze,Sylas,Caitlyn,Zeri,Gwen,Camille,Irelia,Summit,Gnar,Blaber,Hecarim,Fudge,Ahri,Berserker,Jinx,Winsome,Leona,FakeGod,Jayce,River,LeeSin,Blue,Zoe,Neo,Aphelios,Biofrost,Thresh
2022,Spring,Week 4,⁠⁠TL,⁠⁠GG,⁠⁠TL,12.4,Jayce,Graves,Corki,Gangplank,,Zeri,Gwen,TahmKench,JarvanIV,Qiyana,Licorice,Gnar,Pridestalkr,XinZhao,Ablazeolive,Ryze,Lost,Jinx,Olleh,Thresh,Bwipo,Viego,Santorin,Hecarim,Bjergsen,TwistedFate,Hans,Caitlyn,Eyla,Lux
2022,Spring,Week 4,⁠⁠TSM,⁠⁠100,⁠⁠100,12.4,Sett,TahmKench,Caitlyn,XinZhao,Volibear,Zeri,Ryze,Corki,Kalista,Aphelios,Huni,Gwen,Spica,JarvanIV,Keaiduo,Viktor,Tactical,Jhin,Yursan,Nautilus,Ssumday,Tryndamere,Closer,LeeSin,Abbedagge,Ahri,FBI,Jinx,huhi,Thresh
2022,Spring,Week 4,⁠⁠IMT,⁠⁠CLG,⁠⁠CLG,12.4,Ahri,Udyr,Jinx,Viego,Volibear,Zeri,Yuumi,Hecarim,Kennen,LeeSin,Jenkins,Gangplank,Contractz,Gwen,Palafox,Ryze,Luger,Jhin,Poome,TahmKench,Revenge,Akali,Xerxe,XinZhao,PowerOfEvil,Orianna,WildTurtle,Caitlyn,Destiny,Karma
2022,Spring,Week 4,⁠⁠TL,⁠⁠DIG,⁠⁠DIG,12.4,Graves,Jayce,Jinx,Zilean,Gwen,JarvanIV,Zeri,Caitlyn,Leblanc,Ahri,FakeGod,Gnar,River,Hecarim,Blue,Orianna,Neo,Ezreal,Biofrost,Karma,Bwipo,Camille,Santorin,Trundle,Bjergsen,Ryze,Hans,Aphelios,Eyla,Thresh
2022,Spring,Week 4,⁠⁠TSM,⁠⁠CLG,⁠⁠TSM,12.4,Corki,Ryze,Thresh,Tryndamere,XinZhao,Karma,Gwen,Zeri,Syndra,Ahri,Jenkins,Graves,Contractz,LeeSin,Palafox,Sylas,Luger,Jinx,Poome,TahmKench,Huni,Gnar,Spica,Hecarim,Keaiduo,Viktor,Tactical,Aphelios,Yursan,Leona
2022,Spring,Week 4,⁠⁠C9,⁠⁠100,⁠⁠C9,12.4,Karma,Caitlyn,TahmKench,Tryndamere,Thresh,Zeri,Gwen,Veigar,Jayce,Gnar,Summit,Graves,Blaber,Hecarim,Fudge,Ryze,Berserker,Aphelios,Winsome,Alistar,Ssumday,Irelia,Closer,LeeSin,Abbedagge,Ahri,FBI,Jinx,huhi,Leona
2022,Spring,Week 4,⁠⁠EG,⁠⁠FLY,⁠⁠EG,12.4,Ahri,Hecarim,Jinx,XinZhao,Tryndamere,Ryze,Zeri,Gnar,Gragas,Jayce,Impact,Akali,Inspired,LeeSin,jojopyun,Viktor,Danny,Aphelios,Vulcan,Rakan,Kumo,Gwen,Josedeodo,Viego,toucouille,Corki,Johnsun,Jhin,aphromoo,TahmKench
2022,Spring,Week 4,⁠⁠IMT,⁠⁠FLY,⁠⁠FLY,12.4,Ahri,Caitlyn,Hecarim,Irelia,Tryndamere,Zeri,Gwen,Karma,LeeSin,Udyr,Kumo,Graves,Josedeodo,Trundle,toucouille,Syndra,Johnsun,Jinx,aphromoo,Thresh,Revenge,Camille,Xerxe,Volibear,PowerOfEvil,Orianna,Arrow,Aphelios,Destiny,TahmKench
2022,Spring,Week 4,⁠⁠GG,⁠⁠EG,⁠⁠GG,12.4,XinZhao,Ahri,TahmKench,Tryndamere,Irelia,Zeri,Gwen,Jinx,Zilean,Viktor,Impact,Graves,Inspired,Hecarim,jojopyun,Syndra,Danny,Aphelios,Vulcan,Nautilus,Licorice,Gnar,Pridestalkr,Udyr,Ablazeolive,Ryze,Lost,Jhin,Olleh,Thresh
2022,Spring,Week 4,⁠⁠TSM,⁠⁠TL,⁠⁠TSM,12.4,Ryze,Gwen,Tryndamere,Jayce,Leblanc,Karma,Zeri,TahmKench,Trundle,Volibear,Bwipo,Graves,Santorin,XinZhao,Bjergsen,Zilean,Hans,Jinx,Eyla,Thresh,Huni,Rumble,Spica,LeeSin,Keaiduo,Sylas,Tactical,Jhin,Yursan,Nautilus
2022,Spring,Week 4,⁠⁠EG,⁠⁠CLG,⁠⁠EG,12.4,Aphelios,Jhin,Karma,Tristana,Renekton,Ahri,Jinx,Caitlyn,Syndra,Gwen,Jenkins,Camille,Contractz,Viego,Palafox,Galio,Luger,Zeri,Poome,Yuumi,Impact,Tryndamere,Inspired,LeeSin,jojopyun,Ryze,Danny,Kaisa,Vulcan,Nautilus
2022,Spring,Week 4,⁠⁠FLY,⁠⁠C9,⁠⁠FLY,12.4,TahmKench,Tryndamere,Veigar,Syndra,Orianna,Zeri,Ryze,Ahri,Gnar,Irelia,Summit,Jayce,Blaber,Hecarim,Fudge,Corki,Berserker,Aphelios,Winsome,Leona,Kumo,Graves,Josedeodo,Udyr,toucouille,Zilean,Johnsun,Jinx,aphromoo,Braum
2022,Spring,Week 4,⁠⁠IMT,⁠⁠GG,⁠⁠GG,12.4,Ryze,TahmKench,Gnar,Zilean,Tryndamere,Zeri,Gwen,Volibear,Syndra,Viktor,Revenge,Graves,Xerxe,Viego,PowerOfEvil,Orianna,Arrow,Jinx,Destiny,Nautilus,Licorice,Irelia,Pridestalkr,Hecarim,Ablazeolive,Corki,Lost,Aphelios,Olleh,Thresh
2022,Spring,Week 4,⁠⁠DIG,⁠⁠100,⁠⁠DIG,12.4,Ryze,Gwen,Karma,Ahri,Tryndamere,JarvanIV,Zeri,Caitlyn,Orianna,Zoe,FakeGod,Graves,River,Hecarim,Blue,Viktor,Neo,Jinx,Biofrost,TahmKench,Ssumday,Jayce,Closer,XinZhao,Abbedagge,Corki,FBI,Aphelios,huhi,Nautilus
2022,Spring,Week 5,⁠⁠IMT,⁠⁠EG,⁠⁠IMT,12.4,Ahri,Volibear,Hecarim,Camille,Gwen,Zeri,Jinx,Aphelios,LeeSin,Olaf,Impact,Sion,Inspired,Trundle,jojopyun,Ryze,Danny,Ezreal,Vulcan,Karma,Revenge,Graves,Xerxe,XinZhao,PowerOfEvil,Orianna,Arrow,Caitlyn,Destiny,Nautilus
2022,Spring,Week 5,⁠⁠TSM,⁠⁠FLY,⁠⁠FLY,12.4,TahmKench,Gwen,Karma,Irelia,Jinx,Ryze,Hecarim,Yuumi,Gnar,Alistar,Huni,Tryndamere,Spica,RekSai,Takeover,Ahri,Tactical,Zeri,Shenyi,Leona,Kumo,Gragas,Josedeodo,LeeSin,toucouille,Syndra,Johnsun,Aphelios,aphromoo,Nautilus
2022,Spring,Week 5,⁠⁠TL,⁠⁠100,⁠⁠TL,12.4,Ahri,Hecarim,Sett,Gwen,Gnar,Graves,TahmKench,TwistedFate,Volibear,Trundle,Bwipo,Gragas,Santorin,XinZhao,Bjergsen,Viktor,Hans,Zeri,CoreJJ,Nautilus,Ssumday,Tryndamere,Closer,LeeSin,Abbedagge,Ryze,FBI,Jinx,huhi,Leona
2022,Spring,Week 5,⁠⁠GG,⁠⁠C9,⁠⁠GG,12.4,Ryze,Yuumi,Jinx,Corki,Veigar,Zeri,Gwen,Aphelios,Jayce,Zilean,Summit,Gnar,Blaber,Hecarim,Fudge,Ahri,Berserker,Jhin,Winsome,Nautilus,Licorice,Graves,Pridestalkr,XinZhao,Ablazeolive,Viktor,Lost,Ezreal,Olleh,Karma
2022,Spring,Week 5,⁠⁠DIG,⁠⁠CLG,⁠⁠CLG,12.4,JarvanIV,TahmKench,Karma,Leblanc,Sylas,Zeri,Gwen,Ryze,Camille,Tryndamere,Jenkins,Kennen,Contractz,Hecarim,Palafox,Zilean,Luger,Jinx,Poome,Lulu,FakeGod,Graves,River,Volibear,Blue,Corki,Neo,Caitlyn,Biofrost,Lux
2022,Spring,Week 5,⁠⁠IMT,⁠⁠TL,⁠⁠TL,12.4,Zilean,Ryze,Zeri,Tryndamere,Veigar,Volibear,Hecarim,Jinx,Lux,Karma,Revenge,Graves,Xerxe,XinZhao,PowerOfEvil,Ahri,Arrow,Caitlyn,Destiny,Leona,Bwipo,Shyvana,Santorin,Viego,Bjergsen,Viktor,Hans,Jhin,CoreJJ,Nautilus
2022,Spring,Week 5,⁠⁠CLG,⁠⁠100,⁠⁠100,12.4,Nautilus,Jhin,Caitlyn,Jayce,Renata,Hecarim,Ryze,Zeri,Zilean,Vex,Jenkins,Gnar,Contractz,Viego,Palafox,Viktor,Luger,Jinx,Poome,TahmKench,Ssumday,Tryndamere,Closer,LeeSin,Abbedagge,Ahri,FBI,Aphelios,huhi,Thresh
2022,Spring,Week 5,⁠⁠EG,⁠⁠C9,⁠⁠C9,12.4,Ahri,Jayce,Caitlyn,Gnar,Graves,Zeri,TahmKench,Hecarim,Tryndamere,LeeSin,Impact,Akali,Inspired,Khazix,jojopyun,Syndra,Danny,Aphelios,Vulcan,Nautilus,Summit,Gwen,Blaber,Volibear,Fudge,Ryze,Berserker,Ezreal,Winsome,Karma
2022,Spring,Week 5,⁠⁠FLY,⁠⁠DIG,⁠⁠FLY,12.4,Caitlyn,Karma,Thresh,Gnar,Gragas,Zeri,Gwen,LeeSin,Ahri,Orianna,Kumo,Tryndamere,Josedeodo,Hecarim,toucouille,Zilean,Johnsun,Aphelios,aphromoo,Nautilus,FakeGod,Malphite,River,JarvanIV,Blue,Viktor,Neo,Jinx,Biofrost,TahmKench
2022,Spring,Week 5,⁠⁠TSM,⁠⁠GG,⁠⁠GG,12.4,Ryze,Ahri,Gwen,Akali,Jayce,Zeri,Karma,Hecarim,Irelia,Tryndamere,Licorice,Gnar,Pridestalkr,LeeSin,Ablazeolive,Corki,Lost,Jinx,Olleh,Nautilus,Huni,Graves,Spica,XinZhao,Takeover,Sylas,Tactical,Varus,Shenyi,TahmKench
2022,Spring,Week 6,⁠⁠GG,⁠⁠100,⁠⁠100,12.5,Aphelios,Ahri,Zeri,Renata,Tryndamere,Hecarim,TahmKench,Graves,Volibear,Gragas,Licorice,Gnar,Pridestalkr,Nocturne,Ablazeolive,Ryze,Lost,Kaisa,Olleh,Nautilus,Ssumday,Sion,Closer,LeeSin,Abbedagge,Viktor,FBI,Jinx,huhi,Leona
2022,Spring,Week 6,⁠⁠FLY,⁠⁠CLG,⁠⁠CLG,12.5,Ryze,Yuumi,Diana,Camille,Gwen,Hecarim,LeeSin,Jinx,Ahri,Zilean,Kumo,Tryndamere,Josedeodo,Volibear,toucouille,Syndra,Johnsun,Zeri,aphromoo,Renata,Jenkins,Kled,Contractz,Trundle,Palafox,TwistedFate,Luger,Kaisa,Poome,Nautilus
2022,Spring,Week 6,⁠⁠TL,⁠⁠EG,⁠⁠EG,12.5,Graves,Aphelios,Volibear,Viktor,Jayce,Zeri,Jinx,Hecarim,Ashe,Caitlyn,Impact,Gnar,Inspired,LeeSin,jojopyun,Ryze,Danny,Jhin,Vulcan,Renata,Bwipo,Lucian,Santorin,XinZhao,Bjergsen,Galio,Hans,Ezreal,CoreJJ,Karma
2022,Spring,Week 6,⁠⁠IMT,⁠⁠C9,⁠⁠IMT,12.5,Orianna,Renata,Volibear,Irelia,Syndra,Zeri,Hecarim,Jayce,XinZhao,Ryze,Summit,Gnar,Blaber,Diana,Fudge,Lucian,Berserker,Jinx,Winsome,TahmKench,Revenge,Tryndamere,Xerxe,LeeSin,PowerOfEvil,Ahri,Arrow,Aphelios,Destiny,Thresh
2022,Spring,Week 6,⁠⁠TSM,⁠⁠DIG,⁠⁠DIG,12.5,Karma,Tryndamere,TahmKench,Syndra,Viktor,Ryze,LeeSin,Hecarim,Leona,Nautilus,Huni,Graves,Spica,Volibear,Takeover,Ahri,Tactical,Jinx,Shenyi,Thresh,FakeGod,Gwen,River,JarvanIV,Blue,Akali,Neo,Caitlyn,Biofrost,Lux
2022,Spring,Week 6,⁠⁠TL,⁠⁠C9,⁠⁠TL,12.5,Renata,Volibear,Zilean,LeeSin,Gragas,Hecarim,Gnar,Jayce,XinZhao,Poppy,Summit,Tryndamere,Blaber,Trundle,Fudge,Viktor,Berserker,Jinx,Winsome,TahmKench,Bwipo,Jax,Santorin,Viego,Bjergsen,Ryze,Hans,Zeri,CoreJJ,Nautilus
2022,Spring,Week 6,⁠⁠FLY,⁠⁠100,⁠⁠100,12.5,Ryze,Viktor,Tryndamere,Gwen,Zilean,Hecarim,TahmKench,LeeSin,Trundle,JarvanIV,Kumo,Sion,Josedeodo,Viego,toucouille,Ahri,Johnsun,Zeri,aphromoo,Nautilus,Ssumday,Aatrox,Closer,Volibear,Abbedagge,Vex,FBI,Jinx,huhi,Leona
2022,Spring,Week 6,⁠⁠TSM,⁠⁠EG,⁠⁠EG,12.5,TahmKench,Tryndamere,Karma,Leblanc,Zilean,Ryze,Ahri,Volibear,Jinx,Xayah,Huni,Graves,Spica,LeeSin,Takeover,Syndra,Tactical,Kaisa,Shenyi,Alistar,Impact,Sion,Inspired,Hecarim,jojopyun,Orianna,Danny,Zeri,Vulcan,Nautilus
2022,Spring,Week 6,⁠⁠IMT,⁠⁠DIG,⁠⁠IMT,12.5,Orianna,Ahri,Hecarim,Camille,Jayce,Zeri,Caitlyn,Karma,Ryze,Leblanc,FakeGod,Gnar,River,Volibear,Blue,Corki,Neo,Aphelios,Biofrost,Thresh,Revenge,Irelia,Xerxe,Sett,PowerOfEvil,Azir,Arrow,Jinx,Destiny,TahmKench
2022,Spring,Week 6,⁠⁠GG,⁠⁠CLG,⁠⁠CLG,12.5,Aphelios,Diana,Ryze,Volibear,Tryndamere,Hecarim,Gnar,TahmKench,Vex,Leblanc,Licorice,Sion,Pridestalkr,LeeSin,Ablazeolive,Syndra,Lost,Zeri,Olleh,Renata,Jenkins,Camille,Contractz,RekSai,Palafox,Ahri,Luger,Kaisa,Poome,Nautilus
2022,Spring,Week 7,⁠⁠IMT,⁠⁠100,⁠⁠100,12.5,LeeSin,Tryndamere,Viego,Yasuo,Irelia,Hecarim,Volibear,TahmKench,Graves,Ahri,Revenge,Jayce,Xerxe,Udyr,PowerOfEvil,Orianna,Arrow,Kaisa,Destiny,Leona,Ssumday,Renekton,Closer,Diana,Abbedagge,Viktor,FBI,Zeri,huhi,Nautilus
2022,Spring,Week 7,⁠⁠TL,⁠⁠CLG,⁠⁠CLG,12.5,Zilean,Volibear,Graves,Gangplank,Yuumi,Nautilus,Kaisa,Jinx,Nami,Camille,Jenkins,Aatrox,Contractz,Hecarim,Palafox,TwistedFate,Luger,Lucian,Poome,Rakan,Bwipo,Tryndamere,Santorin,Viego,Bjergsen,Ahri,Hans,Zeri,CoreJJ,Shen
2022,Spring,Week 7,⁠⁠TSM,⁠⁠C9,⁠⁠C9,12.5,Leblanc,Sylas,Xayah,Leona,Alistar,TahmKench,Karma,Hecarim,Viktor,Syndra,Summit,Gnar,Blaber,Volibear,Fudge,Veigar,Berserker,Kaisa,Winsome,Nautilus,Huni,Rumble,Spica,LeeSin,Takeover,Ryze,Tactical,Zeri,Shenyi,Sett
2022,Spring,Week 7,⁠⁠EG,⁠⁠DIG,⁠⁠DIG,12.5,Ryze,Diana,Kaisa,Malphite,Akali,Karma,Caitlyn,Thresh,Viktor,Corki,FakeGod,Gragas,River,Hecarim,Blue,Ahri,Neo,Jinx,Biofrost,TahmKench,Impact,Tryndamere,Inspired,Viego,jojopyun,Leblanc,Danny,Zeri,Vulcan,Nautilus
2022,Spring,Week 7,⁠⁠GG,⁠⁠FLY,⁠⁠GG,12.5,LeeSin,Lucian,Volibear,Renata,Viktor,Kaisa,Hecarim,TahmKench,Diana,Nocturne,Licorice,Gnar,Pridestalkr,XinZhao,Ablazeolive,Ryze,Lost,Jinx,Olleh,Nautilus,Kumo,Irelia,Josedeodo,Viego,toucouille,Syndra,Johnsun,Zeri,aphromoo,Alistar
2022,Spring,Week 7,⁠⁠EG,⁠⁠100,⁠⁠100,12.5,LeeSin,Sett,Viktor,Tryndamere,Leblanc,Hecarim,Diana,Kaisa,Ryze,Sylas,Impact,Gnar,Inspired,JarvanIV,jojopyun,Orianna,Danny,Zeri,Vulcan,Nautilus,Ssumday,Graves,Closer,Volibear,Abbedagge,TwistedFate,FBI,Jinx,huhi,TahmKench
2022,Spring,Week 7,⁠⁠GG,⁠⁠DIG,⁠⁠GG,12.5,Caitlyn,JarvanIV,Volibear,Ahri,Leblanc,Ryze,Zeri,TahmKench,Malphite,Gnar,Licorice,Fiora,Pridestalkr,Hecarim,Ablazeolive,Viktor,Lost,Kaisa,Olleh,Leona,FakeGod,Tryndamere,River,LeeSin,Blue,Sylas,Neo,Aphelios,Biofrost,Nautilus
2022,Spring,Week 7,⁠⁠TL,⁠⁠FLY,⁠⁠FLY,12.5,Tryndamere,LeeSin,Jinx,Malphite,Ashe,Hecarim,Volibear,Ryze,Alistar,Renata,Bwipo,Lucian,Santorin,Trundle,Bjergsen,Ahri,Hans,Zeri,CoreJJ,Taric,Kumo,Gragas,Josedeodo,Viego,toucouille,Veigar,Johnsun,Tristana,aphromoo,Nautilus
2022,Spring,Week 7,⁠⁠CLG,⁠⁠C9,⁠⁠CLG,12.5,TwistedFate,Kaisa,Ahri,Ryze,Leblanc,Hecarim,Aphelios,Jayce,Sylas,Gnar,Summit,Kennen,Blaber,LeeSin,Fudge,Syndra,Berserker,Jinx,Winsome,Nautilus,Jenkins,Gangplank,Contractz,Viego,Palafox,Viktor,Luger,Zeri,Poome,Alistar
2022,Spring,Week 7,⁠⁠IMT,⁠⁠TSM,⁠⁠TSM,12.5,Zeri,LeeSin,Tryndamere,Thresh,Rumble,TahmKench,Hecarim,Volibear,Syndra,Azir,Revenge,Graves,Xerxe,Viego,PowerOfEvil,Cassiopeia,Arrow,Ashe,Destiny,Nautilus,Huni,Irelia,Spica,JarvanIV,Takeover,Ryze,Tactical,Jinx,Shenyi,Alistar
2022,Spring,Week 8,⁠⁠TL,⁠⁠GG,⁠⁠GG,12.5,Lucian,Ahri,Hecarim,Jayce,Corki,Ryze,TahmKench,Nocturne,Leblanc,TwistedFate,Licorice,Gnar,Pridestalkr,Volibear,Ablazeolive,Orianna,Lost,Zeri,Olleh,Leona,Bwipo,Ornn,Santorin,Trundle,Bjergsen,Viktor,Hans,Ashe,CoreJJ,Nautilus
2022,Spring,Week 8,⁠⁠EG,⁠⁠FLY,⁠⁠EG,12.5,LeeSin,Veigar,TahmKench,Leona,Tryndamere,TwistedFate,Karma,Diana,Leblanc,Ryze,Impact,Graves,Inspired,Viego,jojopyun,Sylas,Danny,Xayah,Vulcan,Nautilus,Kumo,Riven,Josedeodo,Hecarim,toucouille,Ahri,Johnsun,Zeri,aphromoo,Rakan
2022,Spring,Week 8,⁠⁠DIG,⁠⁠C9,⁠⁠DIG,12.5,Caitlyn,Volibear,JarvanIV,Ahri,TwistedFate,Ryze,Hecarim,Karma,Diana,XinZhao,Summit,Gnar,Blaber,Viego,Fudge,Leblanc,Berserker,Zeri,Winsome,Nautilus,FakeGod,Kennen,River,LeeSin,Blue,Viktor,Neo,Jinx,Biofrost,TahmKench
2022,Spring,Week 8,⁠⁠IMT,⁠⁠CLG,⁠⁠CLG,12.5,Kaisa,TahmKench,Gangplank,Leblanc,Kennen,Volibear,Hecarim,Renata,Braum,Leona,Revenge,Aatrox,Xerxe,Viego,PowerOfEvil,Ahri,WildTurtle,Zeri,Joey,Sett,Jenkins,Camille,Contractz,LeeSin,Palafox,Vex,Luger,Jinx,Poome,Nautilus
2022,Spring,Week 8,⁠⁠TSM,⁠⁠100,⁠⁠100,12.5,Sett,TahmKench,Jinx,Tryndamere,Jayce,Rumble,Hecarim,Ryze,Akali,Leblanc,Huni,Gnar,Spica,Volibear,Takeover,Vex,Tactical,Kaisa,Shenyi,Nautilus,Ssumday,Graves,Closer,LeeSin,Abbedagge,Ahri,FBI,Zeri,huhi,Renata
2022,Spring,Week 8,⁠⁠TL,⁠⁠DIG,⁠⁠DIG,12.5,Trundle,Camille,Zeri,Lucian,Jayce,Caitlyn,JarvanIV,Volibear,Sylas,Ryze,FakeGod,Gnar,River,Viego,Blue,Leblanc,Neo,Ezreal,Biofrost,Karma,Bwipo,Gangplank,Santorin,Hecarim,Bjergsen,Ahri,Hans,Ashe,CoreJJ,Nautilus
2022,Spring,Week 8,⁠⁠GG,⁠⁠EG,⁠⁠GG,12.5,Diana,Zeri,Viego,JarvanIV,LeeSin,Nocturne,TahmKench,XinZhao,Renata,Leona,Licorice,Gnar,Pridestalkr,Hecarim,Ablazeolive,Viktor,Lost,Jinx,Olleh,Braum,Impact,Graves,Inspired,Volibear,jojopyun,Ryze,Danny,Kaisa,Vulcan,Nautilus
2022,Spring,Week 8,⁠⁠C9,⁠⁠100,⁠⁠100,12.5,Renata,Tryndamere,Jinx,Xayah,Irelia,Gnar,Jayce,Hecarim,Ryze,Sylas,Summit,Graves,Blaber,Viego,Fudge,Ahri,Berserker,Zeri,Winsome,Leona,Ssumday,Malphite,Closer,LeeSin,Abbedagge,TwistedFate,FBI,Aphelios,huhi,Nautilus
2022,Spring,Week 8,⁠⁠TSM,⁠⁠CLG,⁠⁠TSM,12.5,TwistedFate,Kaisa,Kled,Camille,Ahri,Ryze,Hecarim,Volibear,Yuumi,Rakan,Huni,Rumble,Spica,JarvanIV,Takeover,Leblanc,Tactical,Zeri,Shenyi,Soraka,Jenkins,Kennen,Contractz,LeeSin,Palafox,Vex,Luger,Jinx,Poome,TahmKench
2022,Spring,Week 8,⁠⁠IMT,⁠⁠FLY,⁠⁠FLY,12.5,Ahri,Volibear,Azir,Aatrox,JarvanIV,Zeri,LeeSin,Hecarim,Thresh,Rakan,Kumo,Gragas,Josedeodo,Viego,toucouille,Viktor,Johnsun,Jinx,aphromoo,Bard,Revenge,Gnar,Xerxe,Trundle,PowerOfEvil,Orianna,Arrow,Aphelios,Destiny,TahmKench
2022,Spring,Week 8,⁠⁠DIG,⁠⁠100,⁠⁠DIG,12.5,LeeSin,Viego,Zeri,Tryndamere,Nautilus,Caitlyn,Karma,Hecarim,TahmKench,Rumble,FakeGod,Gnar,River,JarvanIV,Blue,Viktor,Neo,Jinx,Biofrost,Thresh,Ssumday,Lucian,Closer,Volibear,Abbedagge,Ahri,FBI,Xayah,huhi,Rakan
2022,Spring,Week 8,⁠⁠EG,⁠⁠CLG,⁠⁠EG,12.5,Jayce,Lucian,Aphelios,Trundle,Tryndamere,Hecarim,Diana,Jinx,Gnar,Sylas,Impact,Renekton,Inspired,Volibear,jojopyun,Leblanc,Danny,Zeri,Vulcan,Leona,Dhokla,Vayne,RoseThorn,Viego,Triple,Ahri,Prismal,Kaisa,Breezy,Nautilus
2022,Spring,Week 8,⁠⁠FLY,⁠⁠C9,⁠⁠C9,12.5,Gragas,Syndra,TahmKench,Zeri,Jinx,Jayce,Gnar,Hecarim,Xayah,Karma,Summit,Tryndamere,Blaber,LeeSin,Fudge,Leblanc,Berserker,Ezreal,Winsome,Alistar,Kumo,Malphite,Josedeodo,Viego,toucouille,Vex,Johnsun,MissFortune,aphromoo,Nautilus
2022,Spring,Week 8,⁠⁠IMT,⁠⁠GG,⁠⁠IMT,12.5,Ahri,Zeri,Viego,Jayce,Ziggs,Hecarim,Gnar,Jinx,Ryze,Vex,Licorice,Renekton,Pridestalkr,Volibear,Ablazeolive,Corki,Lost,Aphelios,Olleh,TahmKench,Revenge,Gwen,Chad,LeeSin,PowerOfEvil,Leblanc,Arrow,Draven,Destiny,Nautilus
2022,Spring,Week 8,⁠⁠TSM,⁠⁠TL,⁠⁠TSM,12.5,Rumble,Ryze,LeeSin,Tryndamere,Jayce,Zilean,Hecarim,Volibear,Ahri,Syndra,Bwipo,Graves,Santorin,Viego,Bjergsen,Corki,Hans,Ashe,CoreJJ,Braum,Huni,Irelia,Spica,JarvanIV,Takeover,Leblanc,Tactical,Zeri,Shenyi,Leona
2022,Spring,Tiebreakers,⁠⁠GG,⁠⁠FLY,⁠⁠FLY,12.5,Zeri,LeeSin,Viego,Ahri,Leblanc,Gnar,Hecarim,TahmKench,Ryze,Corki,Licorice,Kennen,Pridestalkr,Nocturne,Ablazeolive,Viktor,Lost,Jinx,Olleh,Nautilus,Kumo,Ornn,Josedeodo,Volibear,toucouille,Orianna,Johnsun,Aphelios,aphromoo,Thresh
2022,Spring,Tiebreakers,⁠⁠EG,⁠⁠FLY,⁠⁠FLY,12.5,Leblanc,Ryze,Tryndamere,Volibear,Hecarim,LeeSin,Veigar,Jinx,Leona,Braum,Kumo,Graves,Josedeodo,Viego,toucouille,Ahri,Johnsun,Ashe,aphromoo,TahmKench,Impact,Akali,Inspired,XinZhao,jojopyun,Syndra,Danny,Zeri,Vulcan,Nautilus
2022,Summer,Week 1,⁠⁠EG,⁠⁠C9,⁠⁠C9,12.11,Kalista,MonkeyKing,Lucian,Yone,XinZhao,Zeri,Taliyah,Gragas,Gwen,Gnar,Fudge,Fiora,Blaber,Viego,Jensen,Viktor,k1ng,Senna,Destiny,TahmKench,Impact,Sejuani,Inspired,Trundle,jojopyun,Corki,Danny,Ezreal,Vulcan,Karma
2022,Summer,Week 1,⁠⁠GG,⁠⁠FLY,⁠⁠FLY,12.11,Viego,LeeSin,Twitch,Volibear,Gangplank,Kalista,Senna,MonkeyKing,Corki,Fiora,Licorice,Gnar,Pridestalkr,XinZhao,Ablazeolive,Viktor,Stixxay,Zeri,Olleh,Yuumi,Philip,Camille,Josedeodo,Udyr,toucouille,Azir,Johnsun,Lucian,aphromoo,Nami
2022,Summer,Week 1,⁠⁠100,⁠⁠TSM,⁠⁠100,12.11,Kalista,Taliyah,Twitch,Yone,Zoe,Viego,Senna,Zeri,Ornn,TwistedFate,Ssumday,Gnar,Closer,MonkeyKing,Abbedagge,Ahri,FBI,Lucian,huhi,Nami,Huni,Rumble,Spica,JarvanIV,Maple,Azir,Tactical,Ezreal,Mia,Karma
2022,Summer,Week 1,⁠⁠IMT,⁠⁠TL,⁠⁠TL,12.11,Zilean,Ezreal,Volibear,Gangplank,Kayle,Zeri,Senna,Azir,Fiora,Ahri,Revenge,Gnar,Kenvi,Taliyah,PowerOfEvil,Viktor,Lost,Kalista,IgNar,Renata,Bwipo,Olaf,Santorin,MonkeyKing,Bjergsen,TwistedFate,Hans,Lucian,CoreJJ,Nami
2022,Summer,Week 1,⁠⁠DIG,⁠⁠CLG,⁠⁠CLG,12.11,Lillia,Gwen,Lucian,Gnar,Fiora,JarvanIV,Zeri,Taliyah,Leblanc,Viktor,Gamsu,Sejuani,River,XinZhao,Blue,Corki,Neo,Senna,Biofrost,TahmKench,Dhokla,Yone,Contractz,Viego,Palafox,Azir,Luger,Seraphine,Poome,Karma
2022,Summer,Week 1,⁠⁠C9,⁠⁠GG,⁠⁠GG,12.11,Kalista,Lucian,Karma,Gwen,Fiora,Zeri,Senna,Gragas,Gangplank,Sejuani,Fudge,Ornn,Blaber,Lillia,Jensen,Yone,k1ng,Jinx,Destiny,Lulu,Licorice,Kayle,Pridestalkr,MonkeyKing,Ablazeolive,Leblanc,Stixxay,Aphelios,Olleh,TahmKench
2022,Summer,Week 1,⁠⁠DIG,⁠⁠TL,⁠⁠DIG,12.11,Senna,Lillia,Kalista,Rakan,Gnar,Zeri,TwistedFate,Lucian,Karma,Braum,Bwipo,Mordekaiser,Santorin,Trundle,Bjergsen,Azir,Hans,Ezreal,CoreJJ,Alistar,Gamsu,Gangplank,River,Viego,Blue,Ahri,Neo,Kaisa,Biofrost,Leona
2022,Summer,Week 1,⁠⁠EG,⁠⁠100,⁠⁠EG,12.11,Lucian,Senna,Kalista,Rakan,Kayle,Zeri,Karma,Sejuani,Lissandra,Azir,Impact,Gwen,Inspired,Viego,jojopyun,Leblanc,Danny,Ezreal,Vulcan,Braum,Ssumday,Gnar,Closer,MonkeyKing,Abbedagge,Ahri,FBI,Kaisa,huhi,Nautilus
2022,Summer,Week 1,⁠⁠TSM,⁠⁠CLG,⁠⁠CLG,12.11,Lucian,Renata,MonkeyKing,Yone,Azir,Rumble,Zeri,Taliyah,Leblanc,Ahri,Huni,Gwen,Spica,Viego,Maple,Galio,Tactical,Jinx,Mia,TahmKench,Dhokla,Jayce,Contractz,Nidalee,Palafox,TwistedFate,Luger,Senna,Poome,Seraphine
2022,Summer,Week 1,⁠⁠IMT,⁠⁠FLY,⁠⁠FLY,12.11,Kalista,Fiora,Senna,Nautilus,Renata,Lucian,Udyr,Zeri,Viego,LeeSin,Philip,Aatrox,Josedeodo,Trundle,toucouille,Azir,Johnsun,Ezreal,aphromoo,Rakan,Revenge,Gwen,Kenvi,MonkeyKing,PowerOfEvil,Ahri,Lost,Kaisa,IgNar,Leona
2022,Summer,Week 1,⁠⁠100,⁠⁠DIG,⁠⁠100,12.11,Kalista,Corki,Karma,Kaisa,TahmKench,Zeri,Lucian,Senna,Gwen,Gnar,Ssumday,Fiora,Closer,Viego,Abbedagge,Ahri,FBI,Ezreal,huhi,Leona,Gamsu,Sejuani,River,MonkeyKing,Blue,Azir,Neo,Jinx,Biofrost,Braum
2022,Summer,Week 1,⁠⁠FLY,⁠⁠EG,⁠⁠EG,12.11,Karma,Viego,Senna,Yone,Irelia,Zeri,Lucian,Azir,Aatrox,Leblanc,Philip,Vladimir,Josedeodo,MonkeyKing,toucouille,Ahri,Johnsun,Twitch,aphromoo,Yuumi,Impact,Gangplank,Inspired,Lillia,jojopyun,Lissandra,Danny,Ezreal,Vulcan,Sona
2022,Summer,Week 1,⁠⁠TL,⁠⁠C9,⁠⁠TL,12.11,Gragas,Senna,Fiora,Gwen,Kayle,Zeri,Lucian,Kalista,Karma,Olaf,Bwipo,Swain,Santorin,MonkeyKing,Bjergsen,Leblanc,Hans,Ezreal,CoreJJ,Bard,Fudge,Gangplank,Blaber,Volibear,Jensen,Corki,k1ng,Twitch,Destiny,Yuumi
2022,Summer,Week 1,⁠⁠CLG,⁠⁠GG,⁠⁠GG,12.11,Seraphine,Kalista,Senna,Nautilus,Karma,Gnar,Zeri,Lucian,Zoe,Orianna,Licorice,Fiora,Pridestalkr,MonkeyKing,Ablazeolive,Azir,Stixxay,Ezreal,Olleh,Yuumi,Dhokla,Jayce,Contractz,Viego,Palafox,Taliyah,Luger,Sivir,Poome,Sona
2022,Summer,Week 1,⁠⁠TSM,⁠⁠IMT,⁠⁠IMT,12.11,Rumble,TwistedFate,Ezreal,Zoe,Viktor,Zeri,MonkeyKing,Kalista,LeeSin,Kindred,Revenge,Fiora,Kenvi,Nocturne,PowerOfEvil,Azir,Lost,Senna,IgNar,TahmKench,Huni,Vladimir,Spica,Viego,Maple,Corki,Tactical,Lucian,Mia,Nami
2022,Summer,Week 2,⁠⁠DIG,⁠⁠C9,⁠⁠C9,12.11,Ezreal,Draven,Kalista,Fiora,Viktor,Zeri,Lillia,Corki,Trundle,Udyr,Gamsu,Gangplank,River,Volibear,Blue,Azir,Neo,Lucian,Biofrost,Nami,Fudge,Kayle,Blaber,MonkeyKing,Jensen,Leblanc,Berserker,Senna,Zven,TahmKench
2022,Summer,Week 2,⁠⁠100,⁠⁠GG,⁠⁠100,12.11,Fiora,MonkeyKing,Karma,Kayle,Gwen,Zeri,Senna,Viego,Trundle,Gangplank,Ssumday,Ornn,Closer,LeeSin,Abbedagge,Corki,FBI,Lucian,huhi,Nami,Licorice,Gnar,Pridestalkr,Volibear,Ablazeolive,Azir,Stixxay,Kalista,Olleh,Renata
2022,Summer,Week 2,⁠⁠TSM,⁠⁠TL,⁠⁠TSM,12.11,Draven,MonkeyKing,Lucian,TwistedFate,Corki,Rumble,Gragas,Zeri,Ahri,Leblanc,Huni,Gnar,Spica,Viego,Maple,Zoe,Tactical,Kalista,Mia,Renata,Bwipo,Olaf,Santorin,Volibear,Bjergsen,Azir,Hans,Ezreal,CoreJJ,Bard
2022,Summer,Week 2,⁠⁠EG,⁠⁠IMT,⁠⁠EG,12.11,Kalista,Corki,Lucian,Fiora,Azir,Zeri,Ezreal,Senna,Leblanc,Sejuani,Impact,Gangplank,Inspired,MonkeyKing,jojopyun,Sylas,Danny,MissFortune,Vulcan,Rakan,Revenge,Gwen,Kenvi,Viego,PowerOfEvil,Orianna,Lost,Xayah,IgNar,Alistar
2022,Summer,Week 2,⁠⁠FLY,⁠⁠CLG,⁠⁠CLG,12.11,Braum,Lucian,Aphelios,Corki,Camille,TwistedFate,Senna,Yone,Fiora,Gangplank,Dhokla,Gnar,Contractz,Udyr,Palafox,Taliyah,Luger,Zeri,Poome,Sona,Philip,Jayce,Josedeodo,MonkeyKing,toucouille,Ahri,Johnsun,Twitch,aphromoo,Yuumi
2022,Summer,Week 2,⁠⁠GG,⁠⁠TSM,⁠⁠GG,12.11,Kalista,Viego,Ezreal,Yone,Gangplank,Zeri,MonkeyKing,Lucian,Ornn,Nautilus,Licorice,Fiora,Pridestalkr,XinZhao,Ablazeolive,Corki,Stixxay,Senna,Olleh,DrMundo,Huni,Gnar,Spica,Volibear,Maple,Yasuo,Tactical,Seraphine,Mia,Karma
2022,Summer,Week 2,⁠⁠TL,⁠⁠FLY,⁠⁠TL,12.11,Jayce,Yuumi,Ahri,Corki,Azir,Volibear,Lucian,TwistedFate,Mordekaiser,Ornn,Bwipo,Gangplank,Santorin,Trundle,Bjergsen,Swain,Hans,Zeri,CoreJJ,Lulu,Philip,Aatrox,Josedeodo,MonkeyKing,toucouille,Leblanc,Johnsun,Twitch,aphromoo,Rakan
2022,Summer,Week 2,⁠⁠C9,⁠⁠100,⁠⁠C9,12.11,Corki,MonkeyKing,Lucian,Kayle,Viego,Yuumi,Fiora,Leblanc,Orianna,Viktor,Fudge,Gangplank,Blaber,Gragas,Jensen,Yone,Berserker,Zeri,Zven,Lulu,Ssumday,Gwen,Closer,Volibear,Abbedagge,Azir,FBI,Senna,huhi,TahmKench
2022,Summer,Week 2,⁠⁠CLG,⁠⁠EG,⁠⁠EG,12.11,Seraphine,Lucian,Kalista,Fiora,Taliyah,Zeri,MonkeyKing,Senna,Gangplank,Kayle,Impact,Gragas,Inspired,XinZhao,jojopyun,Corki,Danny,Ezreal,Vulcan,Rakan,Dhokla,Gwen,Contractz,Viego,Palafox,Sylas,Luger,Kaisa,Poome,Nautilus
2022,Summer,Week 2,⁠⁠IMT,⁠⁠DIG,⁠⁠DIG,12.11,Volibear,MonkeyKing,Kalista,Ahri,Viktor,Zeri,Lucian,Fiora,Gwen,Viego,Revenge,Ornn,Kenvi,LeeSin,PowerOfEvil,Corki,Lost,Ezreal,IgNar,Yuumi,Gamsu,Gnar,River,Gragas,Blue,Yasuo,Neo,Senna,Biofrost,TahmKench
2022,Summer,Week 3,⁠⁠TSM,⁠⁠EG,⁠⁠EG,12.12,Ezreal,MonkeyKing,Seraphine,Jinx,Aphelios,Zeri,Kalista,Senna,Rumble,Gangplank,Huni,Ornn,Spica,LeeSin,Maple,Azir,Tactical,Lucian,Mia,Nami,Impact,Sejuani,Inspired,Viego,jojopyun,Corki,Danny,MissFortune,Vulcan,Yuumi
2022,Summer,Week 3,⁠⁠FLY,⁠⁠DIG,⁠⁠FLY,12.12,Kalista,Volibear,Gragas,Gangplank,Ornn,Zeri,Seraphine,MonkeyKing,LeeSin,Vi,Philip,Camille,Josedeodo,XinZhao,toucouille,Corki,Johnsun,Senna,aphromoo,TahmKench,Gamsu,Mordekaiser,River,JarvanIV,Blue,Viktor,Neo,Lucian,Biofrost,Nami
2022,Summer,Week 3,⁠⁠100,⁠⁠TL,⁠⁠100,12.12,TwistedFate,Trundle,Seraphine,JarvanIV,Volibear,Senna,LeeSin,Zeri,Gragas,Ahri,Ssumday,Ornn,Closer,MonkeyKing,Abbedagge,Orianna,FBI,Aphelios,huhi,Lulu,Bwipo,Gangplank,Santorin,Udyr,Bjergsen,Corki,Hans,Kalista,CoreJJ,Renata
2022,Summer,Week 3,⁠⁠GG,⁠⁠IMT,⁠⁠GG,12.12,Kalista,Belveth,Corki,Gwen,Fiora,Seraphine,Senna,MonkeyKing,XinZhao,Gangplank,Licorice,Sejuani,Pridestalkr,Volibear,Ablazeolive,Azir,Stixxay,Zeri,Olleh,Lulu,Revenge,Gnar,Kenvi,Trundle,PowerOfEvil,Viktor,Lost,Lucian,IgNar,Nami
2022,Summer,Week 3,⁠⁠CLG,⁠⁠C9,⁠⁠C9,12.12,Gragas,Lulu,Gangplank,Fiora,Leblanc,Seraphine,Corki,Taliyah,Lillia,MonkeyKing,Dhokla,Yone,Contractz,Viego,Palafox,Zoe,Luger,Senna,Poome,TahmKench,Fudge,Tryndamere,Blaber,Udyr,Jensen,Azir,Berserker,Zeri,Zven,Yuumi
2022,Summer,Week 3,⁠⁠DIG,⁠⁠TSM,⁠⁠DIG,12.12,Seraphine,Senna,MonkeyKing,Galio,Zoe,Lucian,Volibear,JarvanIV,Trundle,Udyr,Gamsu,Gragas,River,XinZhao,Blue,Azir,Neo,Zeri,Biofrost,Yuumi,Huni,Gnar,Spica,Viego,Maple,Corki,Tactical,Kalista,Mia,Renata
2022,Summer,Week 3,⁠⁠EG,⁠⁠GG,⁠⁠EG,12.12,Kalista,Corki,Twitch,Diana,Udyr,MonkeyKing,Leblanc,Zeri,TahmKench,Renekton,Impact,Gangplank,Inspired,Kayn,jojopyun,Swain,Danny,Seraphine,Vulcan,Gragas,Licorice,Sejuani,Pridestalkr,Zac,Ablazeolive,Yone,Stixxay,Senna,Olleh,Yasuo
2022,Summer,Week 3,⁠⁠C9,⁠⁠FLY,⁠⁠FLY,12.12,Seraphine,MonkeyKing,Rakan,TahmKench,Kayle,Yuumi,Udyr,Senna,Gangplank,Renata,Fudge,Fiora,Blaber,Gragas,Jensen,Yasuo,Berserker,Zeri,Zven,Lulu,Philip,Jayce,Josedeodo,LeeSin,toucouille,Ahri,Johnsun,Jinx,aphromoo,Braum
2022,Summer,Week 3,⁠⁠TL,⁠⁠CLG,⁠⁠CLG,12.12,Trundle,Udyr,Draven,Gangplank,Jayce,Senna,Seraphine,Yone,Renata,Gwen,Dhokla,Gnar,Contractz,MonkeyKing,Palafox,Corki,Luger,Kalista,Poome,Amumu,Bwipo,Aatrox,Santorin,Volibear,Bjergsen,Swain,Hans,Zeri,CoreJJ,Rakan
2022,Summer,Week 3,⁠⁠IMT,⁠⁠100,⁠⁠100,12.12,Lucian,Aphelios,Kalista,TahmKench,Ornn,Senna,Seraphine,Yuumi,Fiora,Lulu,Revenge,Gwen,Kenvi,Volibear,PowerOfEvil,Viktor,Lost,Zeri,IgNar,Nautilus,Ssumday,Akali,Closer,MonkeyKing,Abbedagge,Corki,FBI,Jinx,huhi,Renata
2022,Summer,Week 4,⁠⁠100,⁠⁠FLY,⁠⁠FLY,12.12,Seraphine,Twitch,Lucian,Fiora,Aatrox,Gnar,Kalista,Sylas,Ornn,Poppy,Ssumday,Gragas,Closer,MonkeyKing,Abbedagge,Corki,FBI,Senna,huhi,Yasuo,Philip,Sejuani,Josedeodo,Viego,toucouille,Lissandra,Johnsun,Zeri,aphromoo,Lulu
2022,Summer,Week 4,⁠⁠DIG,⁠⁠EG,⁠⁠EG,12.12,Senna,Corki,Seraphine,Nautilus,XinZhao,JarvanIV,Kalista,Gragas,Yuumi,Sejuani,Gamsu,Shyvana,River,Viego,Blue,Sylas,Neo,Zeri,Biofrost,Lulu,Impact,Gangplank,Inspired,Poppy,jojopyun,Leblanc,Danny,Jinx,Vulcan,Renata
2022,Summer,Week 4,⁠⁠TSM,⁠⁠C9,⁠⁠C9,12.12,Lucian,Udyr,Twitch,Gragas,Azir,Seraphine,JarvanIV,Kayle,Sylas,Swain,S0ul,Shyvana,Spica,Viego,Maple,Ahri,Instinct,Zeri,Chime,Renata,Fudge,Gangplank,Blaber,Volibear,Jensen,Leblanc,Berserker,Kalista,Zven,Amumu
2022,Summer,Week 4,⁠⁠IMT,⁠⁠CLG,⁠⁠CLG,12.12,Sylas,Yone,Seraphine,Renata,Ornn,Azir,Fiora,Swain,Leblanc,Taliyah,Revenge,Gangplank,Kenvi,Poppy,PowerOfEvil,Ahri,Lost,Zeri,IgNar,Nautilus,Dhokla,Gwen,Contractz,Gragas,Palafox,Yasuo,Luger,Kalista,Poome,Alistar
2022,Summer,Week 4,⁠⁠TL,⁠⁠GG,⁠⁠TL,12.12,Senna,Gnar,Fiora,Aphelios,Ezreal,Seraphine,Zeri,Kalista,Swain,Azir,Bwipo,Gangplank,Santorin,Volibear,Bjergsen,Orianna,Hans,Lucian,CoreJJ,Nami,Licorice,Sejuani,Pridestalkr,MonkeyKing,Ablazeolive,Taliyah,Stixxay,KogMaw,Olleh,Lulu
2022,Summer,Week 4,⁠⁠FLY,⁠⁠TSM,⁠⁠FLY,12.12,Lulu,Lucian,Twitch,TahmKench,Renata,Sylas,Seraphine,Yone,Trundle,JarvanIV,S0ul,Gnar,Spica,XinZhao,Maple,Swain,Instinct,Zeri,Chime,Rakan,Philip,Sejuani,Josedeodo,Viego,toucouille,Corki,Johnsun,Jinx,aphromoo,Nautilus
2022,Summer,Week 4,⁠⁠CLG,⁠⁠100,⁠⁠100,12.12,Gangplank,Lucian,Corki,Renata,Trundle,Seraphine,Yone,Yasuo,Ornn,Gwen,Dhokla,Fiora,Contractz,Vi,Palafox,Azir,Luger,Jinx,Poome,Nautilus,Ssumday,Gnar,Closer,Poppy,Abbedagge,Sylas,FBI,Zeri,huhi,Braum
2022,Summer,Week 4,⁠⁠EG,⁠⁠TL,⁠⁠EG,12.12,Kalista,Swain,Sylas,Gangplank,Olaf,Senna,Zeri,Seraphine,Nautilus,MissFortune,Impact,Gnar,Inspired,Viego,jojopyun,Lissandra,Danny,Ezreal,Vulcan,Yuumi,Bwipo,Aatrox,Santorin,Volibear,Bjergsen,Zilean,Hans,Lucian,CoreJJ,Nami
2022,Summer,Week 4,⁠⁠C9,⁠⁠IMT,⁠⁠C9,12.12,Sylas,Zeri,Gangplank,Poppy,Ornn,Seraphine,Swain,Ahri,Fiora,Irelia,Revenge,Gnar,Kenvi,Viego,PowerOfEvil,Corki,Lost,Kalista,IgNar,Nautilus,Fudge,Gragas,Blaber,Kindred,Jensen,Azir,Berserker,Aphelios,Zven,Braum
2022,Summer,Week 4,⁠⁠GG,⁠⁠DIG,⁠⁠GG,12.12,Poppy,Corki,Sylas,JarvanIV,Volibear,Zeri,Senna,Azir,KogMaw,Kalista,Licorice,Irelia,Pridestalkr,MonkeyKing,Ablazeolive,Swain,Stixxay,Seraphine,Olleh,Sejuani,Gamsu,Gnar,River,XinZhao,Blue,Taliyah,Neo,Lucian,Biofrost,Nami
2022,Summer,Week 5,⁠⁠EG,⁠⁠CLG,⁠⁠EG,12.13,Kalista,Seraphine,Sylas,Yuumi,Renata,Gangplank,Zeri,Ezreal,Leblanc,Ahri,Impact,Gnar,Inspired,Poppy,jojopyun,Akali,Danny,Senna,Vulcan,TahmKench,Dhokla,Gwen,Contractz,Taliyah,Palafox,Yone,Luger,Aphelios,Poome,Rakan
2022,Summer,Week 5,⁠⁠TL,⁠⁠IMT,⁠⁠IMT,12.13,Taliyah,Zeri,Trundle,MonkeyKing,Draven,Azir,Orianna,Gwen,Fiora,Ahri,Revenge,Gnar,Kenvi,Poppy,PowerOfEvil,Sylas,Lost,Kalista,IgNar,Nautilus,Bwipo,Gangplank,Santorin,Viego,Bjergsen,Swain,Hans,Seraphine,CoreJJ,Alistar
2022,Summer,Week 5,⁠⁠TSM,⁠⁠100,⁠⁠100,12.13,Lucian,Lulu,Azir,Ornn,Fiora,Taliyah,Seraphine,Zeri,Sylas,Swain,S0ul,Yone,Spica,Poppy,Maple,Zoe,Instinct,Jinx,Chime,Rakan,Ssumday,Gnar,Closer,Trundle,Abbedagge,Lissandra,FBI,Aphelios,huhi,TahmKench
2022,Summer,Week 5,⁠⁠DIG,⁠⁠C9,⁠⁠C9,12.13,Gangplank,Kalista,Yone,Leblanc,Fiora,Seraphine,JarvanIV,Sylas,Nautilus,Lulu,Gamsu,Gragas,River,Poppy,Blue,Azir,Spawn,Jinx,Biofrost,Rakan,Fudge,Gnar,Blaber,Udyr,Jensen,Orianna,Berserker,Zeri,Zven,Yuumi
2022,Summer,Week 5,⁠⁠GG,⁠⁠FLY,⁠⁠GG,12.13,Gnar,Senna,Kalista,Fiora,Renata,Zeri,Poppy,Seraphine,Trundle,Viego,Philip,Gwen,Josedeodo,LeeSin,toucouille,Taliyah,Johnsun,Jinx,aphromoo,TahmKench,Licorice,Kayle,Pridestalkr,MonkeyKing,Ablazeolive,Swain,Stixxay,Aphelios,Olleh,Braum
2022,Summer,Week 5,⁠⁠TL,⁠⁠CLG,⁠⁠TL,12.13,Gangplank,Trundle,Zeri,Corki,Mordekaiser,Taliyah,Seraphine,Sylas,Amumu,Gwen,Dhokla,Fiora,Contractz,Poppy,Palafox,Azir,Luger,MissFortune,Poome,Alistar,Bwipo,Graves,Santorin,MonkeyKing,Bjergsen,Lissandra,Hans,Draven,CoreJJ,Nautilus
2022,Summer,Week 5,⁠⁠GG,⁠⁠C9,⁠⁠C9,12.13,Gangplank,Kalista,Gwen,Yone,Fiora,Seraphine,Gnar,MonkeyKing,Orianna,Swain,Licorice,Sejuani,Pridestalkr,Poppy,Ablazeolive,Lissandra,Stixxay,Twitch,Olleh,Lulu,Fudge,Kayle,Blaber,XinZhao,Jensen,Taliyah,Berserker,Zeri,Zven,Nautilus
2022,Summer,Week 5,⁠⁠EG,⁠⁠100,⁠⁠EG,12.13,Seraphine,TahmKench,Sylas,Jinx,MissFortune,Aphelios,Taliyah,Yuumi,Trundle,Braum,Ssumday,Gangplank,Closer,Viego,Abbedagge,Azir,FBI,Zeri,huhi,Renata,Impact,Gnar,Inspired,Poppy,jojopyun,Ahri,Danny,Kaisa,Vulcan,Nautilus
2022,Summer,Week 5,⁠⁠TSM,⁠⁠IMT,⁠⁠TSM,12.13,Taliyah,Sylas,Yone,Yuumi,Lulu,Azir,Orianna,Kalista,Fiora,Camille,Revenge,Aatrox,Kenvi,Trundle,PowerOfEvil,Cassiopeia,Lost,Seraphine,IgNar,Amumu,S0ul,Gnar,Spica,Poppy,Maple,Swain,Instinct,Zeri,Chime,Alistar
2022,Summer,Week 5,⁠⁠FLY,⁠⁠DIG,⁠⁠DIG,12.13,Taliyah,Zeri,Seraphine,Nautilus,Sejuani,Poppy,Sylas,Gnar,Gangplank,Ornn,Gamsu,Gragas,River,LeeSin,Blue,Azir,Spawn,Aphelios,Biofrost,Braum,Philip,Gwen,Josedeodo,Viego,toucouille,Ahri,Johnsun,Jinx,aphromoo,TahmKench
2022,Summer,Week 6,⁠⁠FLY,⁠⁠C9,⁠⁠C9,12.13,Kalista,Yuumi,Gangplank,Fiora,Trundle,Seraphine,Ahri,Viego,Leona,Alistar,Philip,Jax,Josedeodo,Poppy,toucouille,Taliyah,Johnsun,Sivir,aphromoo,Taric,Fudge,Gwen,Blaber,Olaf,Jensen,Orianna,Berserker,Zeri,Zven,Nautilus
2022,Summer,Week 6,⁠⁠DIG,⁠⁠100,⁠⁠DIG,12.13,Viego,Kalista,Yuumi,Lulu,MonkeyKing,Taliyah,Poppy,Gangplank,LeeSin,Nautilus,Ssumday,Sylas,Closer,Trundle,Abbedagge,Azir,FBI,Sivir,huhi,Alistar,Hoon,Gnar,eXyu,Hecarim,Blue,Ahri,Spawn,Zeri,Biofrost,Rakan
2022,Summer,Week 6,⁠⁠TSM,⁠⁠TL,⁠⁠TSM,12.13,Poppy,Azir,Zeri,TahmKench,Nautilus,Seraphine,Trundle,Taliyah,Ryze,Orianna,Bwipo,Gangplank,Santorin,MonkeyKing,Bjergsen,Syndra,Hans,MissFortune,CoreJJ,Rakan,Solo,Ornn,Spica,Viego,Maple,Sylas,Instinct,Jinx,Chime,Braum
2022,Summer,Week 6,⁠⁠GG,⁠⁠CLG,⁠⁠CLG,12.13,Kalista,Sylas,Taliyah,Diana,Gwen,Senna,Zeri,Swain,Twitch,Alistar,Licorice,Gnar,River,Viego,Ablazeolive,Seraphine,Stixxay,Lucian,Olleh,Nami,Dhokla,Yone,Contractz,Poppy,Palafox,Leblanc,Luger,Sivir,Poome,Yuumi
2022,Summer,Week 6,⁠⁠EG,⁠⁠IMT,⁠⁠IMT,12.13,Gangplank,Zeri,Sylas,Viego,Sejuani,Kalista,Azir,Seraphine,Renata,Fiora,Revenge,Yone,Kenvi,Poppy,PowerOfEvil,Taliyah,Lost,Aphelios,IgNar,Amumu,Impact,Gwen,Inspired,MonkeyKing,jojopyun,Ahri,Danny,Jinx,Vulcan,TahmKench
2022,Summer,Week 6,⁠⁠TSM,⁠⁠GG,⁠⁠TSM,12.13,Kalista,MonkeyKing,Fiora,Lucian,Yuumi,Taliyah,Zeri,Seraphine,Rakan,Renata,Solo,Gnar,Spica,XinZhao,Maple,Azir,Instinct,Sivir,Chime,Bard,Licorice,Gwen,River,Poppy,Ablazeolive,Corki,Stixxay,Senna,Olleh,Sejuani
2022,Summer,Week 6,⁠⁠EG,⁠⁠FLY,⁠⁠EG,12.13,Ahri,Taliyah,Zeri,Nautilus,Gwen,Gangplank,Poppy,Seraphine,Gnar,Viego,Impact,Sejuani,Inspired,MonkeyKing,jojopyun,Azir,Danny,Kalista,Vulcan,Renata,Philip,Aatrox,Josedeodo,LeeSin,toucouille,Akali,Johnsun,Aphelios,aphromoo,Alistar
2022,Summer,Week 6,⁠⁠TL,⁠⁠C9,⁠⁠TL,12.13,Seraphine,Trundle,Gangplank,Gnar,Zilean,Taliyah,Poppy,Zeri,JarvanIV,XinZhao,Fudge,Gwen,Blaber,Hecarim,Jensen,Azir,Berserker,Kalista,Zven,Renata,Bwipo,Olaf,Santorin,MonkeyKing,Bjergsen,Ahri,Hans,KogMaw,CoreJJ,Lulu
2022,Summer,Week 6,⁠⁠IMT,⁠⁠100,⁠⁠IMT,12.13,Kalista,Poppy,Yone,Alistar,Fiora,Zeri,Sylas,Jinx,Yuumi,Trundle,Ssumday,Gnar,Closer,LeeSin,Abbedagge,Taliyah,FBI,Sivir,huhi,Gragas,Revenge,Aatrox,Kenvi,Viego,PowerOfEvil,Swain,Lost,Seraphine,IgNar,Nautilus
2022,Summer,Week 6,⁠⁠DIG,⁠⁠CLG,⁠⁠DIG,12.13,Viego,Ahri,Zeri,MonkeyKing,LeeSin,Taliyah,Poppy,Yone,Gwen,Fiora,Dhokla,Gangplank,Contractz,XinZhao,Palafox,Azir,Luger,Draven,Poome,Renata,Hoon,Ornn,eXyu,Trundle,Blue,Viktor,Spawn,Kalista,Biofrost,Pyke
2022,Summer,Week 7,⁠⁠GG,⁠⁠100,⁠⁠100,12.14,Leblanc,Taliyah,Poppy,Gwen,Azir,Pantheon,Sylas,Kalista,Jax,Fiora,Licorice,Sejuani,River,JarvanIV,LIDER,Akali,Stixxay,Aphelios,Prismal,Lulu,Ssumday,Ornn,Closer,MonkeyKing,Abbedagge,Lissandra,FBI,Lucian,huhi,Nami
2022,Summer,Week 7,⁠⁠EG,⁠⁠TSM,⁠⁠EG,12.14,Ahri,Kalista,Ryze,Jax,TahmKench,Leblanc,Yuumi,MissFortune,Senna,Jinx,Impact,Gwen,Inspired,Poppy,jojopyun,Sylas,Danny,Zeri,Vulcan,Rakan,Solo,Fiora,Spica,Trundle,Maple,Azir,Instinct,Sivir,Chime,Bard
2022,Summer,Week 7,⁠⁠TL,⁠⁠FLY,⁠⁠FLY,12.14,Trundle,Kalista,Leblanc,Sivir,Draven,Ahri,LeeSin,Yuumi,Lulu,Ezreal,Philip,Gwen,Josedeodo,MonkeyKing,toucouille,Taliyah,Johnsun,Aphelios,aphromoo,Renata,Bwipo,Olaf,Santorin,Poppy,Bjergsen,Azir,Hans,Lucian,CoreJJ,Nami
2022,Summer,Week 7,⁠⁠CLG,⁠⁠C9,⁠⁠C9,12.14,Sivir,Leblanc,Kalista,Lillia,Poppy,Renata,Nilah,Olaf,Zeri,Nautilus,Fudge,Fiora,Blaber,Trundle,Jensen,Azir,Berserker,Lucian,Zven,Nami,Dhokla,Jayce,Contractz,MonkeyKing,Palafox,Yone,Luger,Seraphine,Poome,Karma
2022,Summer,Week 7,⁠⁠IMT,⁠⁠DIG,⁠⁠IMT,12.14,Seraphine,Kalista,Poppy,Fiora,Gwen,Zeri,Taliyah,Azir,Sejuani,Leblanc,Hoon,Ornn,eXyu,Viego,Blue,Sylas,Spawn,Aphelios,Biofrost,TahmKench,Revenge,Yone,Kenvi,LeeSin,PowerOfEvil,Orianna,Lost,Draven,IgNar,Amumu
2022,Summer,Week 7,⁠⁠FLY,⁠⁠CLG,⁠⁠FLY,12.14,LeeSin,Jax,Yuumi,Ahri,Nautilus,Kalista,Yone,Draven,MissFortune,Lucian,Dhokla,Gwen,Contractz,Poppy,Palafox,Azir,Luger,Twitch,Poome,Lulu,Philip,Fiora,Josedeodo,Trundle,toucouille,Zoe,Johnsun,Sivir,aphromoo,Leona
2022,Summer,Week 7,⁠⁠C9,⁠⁠100,⁠⁠100,12.14,Poppy,Azir,Lucian,Taliyah,Leblanc,Olaf,Kalista,Orianna,Fiora,Lissandra,Fudge,Gnar,Blaber,MonkeyKing,Jensen,Sylas,Berserker,Nilah,Zven,Sona,Ssumday,Gwen,Closer,Trundle,Abbedagge,Ahri,FBI,Sivir,huhi,Yuumi
2022,Summer,Week 7,⁠⁠EG,⁠⁠TL,⁠⁠EG,12.14,Yuumi,LeeSin,Leblanc,Ezreal,Zeri,Kalista,Poppy,Olaf,Gragas,TahmKench,Bwipo,Sett,Santorin,Trundle,Bjergsen,Azir,Hans,Sivir,CoreJJ,Leona,Impact,Gwen,Inspired,MonkeyKing,jojopyun,Sylas,Danny,Xayah,Vulcan,Rakan
2022,Summer,Week 7,⁠⁠IMT,⁠⁠GG,⁠⁠IMT,12.14,Sejuani,Pantheon,Seraphine,Nilah,Yuumi,Taliyah,Kalista,Poppy,Draven,,Revenge,Graves,Kenvi,MonkeyKing,PowerOfEvil,Azir,Lost,Aphelios,IgNar,Lulu,Licorice,Fiora,River,Trundle,LIDER,Sylas,Stixxay,Lucian,Prismal,Nami
2022,Summer,Week 7,⁠⁠TSM,⁠⁠DIG,⁠⁠TSM,12.14,Kalista,Lucian,Yuumi,Lissandra,Leblanc,Taliyah,Poppy,Azir,XinZhao,Gwen,Solo,Ornn,Spica,MonkeyKing,Maple,Ahri,Instinct,Sivir,Chime,Nautilus,Hoon,Sejuani,eXyu,Viego,Blue,Sylas,Spawn,Zeri,Biofrost,Lulu
2022,Summer,Week 8,⁠⁠TL,⁠⁠DIG,⁠⁠TL,12.14,Yuumi,Ahri,LeeSin,Lulu,Sejuani,Poppy,Kalista,Trundle,Nautilus,Karma,Bwipo,Olaf,Santorin,Skarner,Bjergsen,Azir,Hans,Sivir,CoreJJ,Rakan,Hoon,Gnar,eXyu,MonkeyKing,Blue,Taliyah,Spawn,Zeri,Biofrost,Renata
2022,Summer,Week 8,⁠⁠EG,⁠⁠GG,⁠⁠GG,12.14,Leblanc,Gwen,Yuumi,Alistar,Trundle,Kalista,Poppy,Seraphine,Ornn,Nautilus,Licorice,Gragas,River,MonkeyKing,Ablazeolive,Ahri,Stixxay,Sivir,Olleh,Rakan,Impact,Sejuani,Inspired,Viego,jojopyun,Azir,Danny,Zeri,Vulcan,Lulu
2022,Summer,Week 8,⁠⁠FLY,⁠⁠100,⁠⁠FLY,12.14,Kalista,Poppy,JarvanIV,Ornn,Fiora,Gwen,MonkeyKing,Ahri,LeeSin,Vi,Philip,Sejuani,Josedeodo,Viego,toucouille,Leblanc,Johnsun,Sivir,aphromoo,Lulu,Ssumday,Gnar,Closer,Trundle,Abbedagge,Azir,FBI,Zeri,huhi,Yuumi
2022,Summer,Week 8,⁠⁠TSM,⁠⁠CLG,⁠⁠CLG,12.14,JarvanIV,Renekton,Zeri,Lulu,Alistar,Seraphine,Kalista,Draven,Gwen,Taliyah,Dhokla,Camille,Contractz,Poppy,Palafox,Leblanc,Luger,Sivir,Poome,Yuumi,Solo,Ornn,Spica,MonkeyKing,Maple,Azir,Instinct,Jinx,Chime,Rakan
2022,Summer,Week 8,⁠⁠IMT,⁠⁠C9,⁠⁠C9,12.14,Olaf,Yuumi,Gwen,Leblanc,Ornn,Seraphine,Kalista,Azir,Fiora,Orianna,Revenge,Aatrox,Kenvi,Poppy,PowerOfEvil,Ahri,Lost,Draven,IgNar,Nautilus,Fudge,Sejuani,Blaber,Trundle,Jensen,Taliyah,Berserker,Sivir,Zven,Lulu
2022,Summer,Week 8,⁠⁠CLG,⁠⁠100,⁠⁠CLG,12.14,Yone,Gwen,Kalista,Poppy,Trundle,Nautilus,Leblanc,Ahri,Alistar,Sejuani,Ssumday,Aatrox,Closer,MonkeyKing,Abbedagge,Seraphine,FBI,Aphelios,huhi,Leona,Dhokla,Ornn,Contractz,JarvanIV,Palafox,Azir,Luger,Sivir,Poome,Lulu
2022,Summer,Week 8,⁠⁠TL,⁠⁠GG,⁠⁠GG,12.14,Leblanc,Trundle,MonkeyKing,Singed,Alistar,Yuumi,Poppy,Azir,JarvanIV,Vi,Licorice,Ornn,River,LeeSin,Ablazeolive,Ahri,Stixxay,Kalista,Olleh,Nautilus,Bwipo,Gwen,Santorin,Viego,Bjergsen,Taliyah,Hans,Draven,CoreJJ,Amumu
2022,Summer,Week 8,⁠⁠TSM,⁠⁠C9,⁠⁠TSM,12.14,Azir,Ornn,MonkeyKing,Sejuani,XinZhao,Kalista,Yuumi,Leblanc,Orianna,Ahri,Fudge,Gwen,Blaber,Poppy,Jensen,Anivia,Berserker,Draven,Zven,Alistar,Solo,Renekton,Spica,Olaf,Maple,Taliyah,Instinct,Sivir,Chime,Braum
2022,Summer,Week 8,⁠⁠IMT,⁠⁠FLY,⁠⁠IMT,12.14,Kalista,Azir,Poppy,Lissandra,Ornn,Yuumi,Taliyah,Sivir,LeeSin,Gwen,Philip,Aatrox,Josedeodo,Vi,toucouille,Leblanc,Johnsun,Lucian,aphromoo,Nami,Revenge,Sejuani,Kenvi,MonkeyKing,PowerOfEvil,Ahri,Lost,Aphelios,IgNar,Lulu
2022,Summer,Week 8,⁠⁠EG,⁠⁠DIG,⁠⁠EG,12.14,Kalista,Azir,Ornn,XinZhao,Viego,Poppy,Gwen,Trundle,Mordekaiser,Leblanc,Impact,Jax,Inspired,MonkeyKing,jojopyun,Ahri,Danny,Zeri,Vulcan,Yuumi,Hoon,Sejuani,eXyu,Vi,Blue,Lissandra,Spawn,Sivir,Biofrost,Lulu
2022,Summer,Week 8,⁠⁠IMT,⁠⁠CLG,⁠⁠IMT,12.14,Seraphine,Azir,Poppy,Orianna,Ornn,Yuumi,Taliyah,Kalista,Leblanc,Gwen,Dhokla,Yone,Contractz,MonkeyKing,Palafox,Akali,Luger,Zeri,Poome,Lulu,Revenge,Fiora,Kenvi,Trundle,PowerOfEvil,Viktor,Lost,Sivir,IgNar,Karma
2022,Summer,Week 8,⁠⁠EG,⁠⁠C9,⁠⁠EG,12.14,Kalista,Draven,Poppy,JarvanIV,Kayle,MonkeyKing,Zeri,Senna,Gwen,LeeSin,Impact,Ornn,Inspired,Vi,jojopyun,Ahri,Danny,Sivir,Vulcan,Lulu,Fudge,Sejuani,Blaber,Viego,Jensen,Leblanc,Berserker,Twitch,Zven,Yuumi
2022,Summer,Week 8,⁠⁠TSM,⁠⁠FLY,⁠⁠FLY,12.14,Lucian,Leblanc,Poppy,Vi,MonkeyKing,Ornn,Kalista,Renekton,JarvanIV,Trundle,Solo,Sejuani,Spica,RekSai,Maple,Azir,Instinct,Zeri,Chime,Lulu,Philip,Gwen,Josedeodo,LeeSin,toucouille,Ahri,Johnsun,Sivir,aphromoo,Yuumi
2022,Summer,Week 8,⁠⁠TL,⁠⁠100,⁠⁠100,12.14,Yuumi,Ahri,Aphelios,Ornn,Fiora,Kalista,Trundle,Draven,Olaf,Gangplank,Bwipo,Aatrox,Santorin,Skarner,Bjergsen,Azir,Hans,Sivir,CoreJJ,Amumu,Ssumday,Gwen,Closer,MonkeyKing,Abbedagge,Taliyah,FBI,Senna,huhi,Seraphine
2022,Summer,Week 8,⁠⁠GG,⁠⁠DIG,⁠⁠DIG,12.14,Seraphine,Kalista,Trundle,Leblanc,JarvanIV,Azir,Yuumi,Poppy,Zeri,Twitch,Hoon,Gwen,eXyu,MonkeyKing,Blue,Ahri,Spawn,Aphelios,Biofrost,Alistar,Licorice,Jax,River,Viego,Ablazeolive,Lissandra,Stixxay,Sivir,Olleh,Lulu
2022,Summer,Tiebreakers,⁠⁠C9,⁠⁠FLY,⁠⁠C9,12.14,Leblanc,Azir,Vi,Jax,MonkeyKing,Kalista,Poppy,Olaf,Orianna,Lissandra,Fudge,Gwen,Blaber,XinZhao,Jensen,Zilean,Berserker,Sivir,Zven,Yuumi,Philip,Kennen,Josedeodo,JarvanIV,toucouille,Ahri,Johnsun,Twitch,aphromoo,Lulu
